Hall of Fame	Fame-O-Meter
Lacey Chabert	93.62
Andrew W. Walker	85.20
Danica McKellar	72.06
Cindy Busby	71.05
Trevor Donovan	70.03
Candace Cameron Bure	69.84
Jen Lilley	67.29
Alison Sweeney	66.75
Stephen Huszar	62.79
Corey Sevier	62.63
Victor Webster	62.34
Tyler Hynes	61.32
Taylor Cole	60.71
Autumn Reeser	60.03
Barbara Niven	59.35
Wes Brown	59.04
Michael Rady	58.92
Niall Matter	58.60
Christopher Russell	58.10
Brooke Nevin	57.73
Rachel Boston	57.62
Alicia Witt	56.98
Kellie Martin	56.53
Nikki Deloach	56.45
Cameron Mathison	56.24
Paul Campbell	56.11
Damon Runyan	56.05
Peter Benson	55.99
Teri Polo	55.56
Lauren Holly	55.44
Marilu Henner	55.33
Jessica Lowndes	55.18
Ryan Paevey	54.97
Kevin McGarry	54.75
Luke Macfarlane	54.59
Sam Page	54.30
Paul Greene	54.20
Ashley Williams	53.89
Brennan Elliott	53.32
Jesse Hutch	53.30
Brant Daugherty	53.06
Lisa Durupt	52.90
Brendan Penny	52.55
Lexi Giovagnoli	52.33
Casey Manderson	52.13
Jessy Schram	52.09
Jill Wagner	52.04
Brittany Bristow	51.93
Teryl Rothery	51.78
Erin Cahill	51.58
Kimberley Sustad	51.46
Jeremy Guilbaut	51.43
Greyston Holt	51.36
Alexa PenaVega	51.33
Lini Evans	51.25
Holly Robinson Peete	51.04
Jackée Harry	50.88
Jon Cor	50.83
Dean Cain	50.67
Marcus Rosner	50.41
Steve Lund	49.99
Merritt Patterson	49.88
Chad Michael Murray	49.81
Jonathan Bennett	49.62
Ashley Newbrough	49.56
Kristoffer Polaha	49.52
Peter Porte	49.37
James Tupper	49.04
Ali Liebert	48.91
Dan Payne	48.70
Brooke D'Orsay	48.65
Gabriel Hogan	48.56
Greg Evigan	48.50
Edward Asner	48.47
Melissa Joan Hart	48.46
Donna Benedicto	48.45
Hilarie Burton	48.37
Beth Broderick	48.37
Britt Irvin	48.24
Christine Chatelain	48.22
Kimberly-Sue Murray	48.21
Kimberly Williams-Paisley	48.21
Patrick Duffy	48.18
Anna Hutchison	47.96
Lindy Booth	47.90
Genelle Williams	47.82
Gwynyth Walsh	47.79
Bethany Joy Lenz	47.77
Paul Essiembre	47.71
Meredith Baxter	47.63
Marc Blucas	47.63
Julie Gonzalo	47.53
Charlene Tilton	47.51
Tori Anderson	47.48
Giles Panton	47.45
Natalie Lisinska	47.44
Kavan Smith	47.26
Anna Van Hooft	47.18
Dylan Neal	47.03
Allison Hossack	46.89
Katie Leclerc	46.80
Andrew Airlie	46.79
Anne Heche	46.73
Catherine Bell	46.72
Andrea Brooks	46.65
Bailee Madison	46.62
Robin Dunne	46.61
Warren Christie	46.48
Mary Long	46.44
Dean Geyer	46.42
Gail O'Grady	46.37
Emilie Ullerup	46.35
Natalie Hall	46.35
Erin Karpluk	46.32
Chris McNally	46.20
Sean Faris	46.18
Shirley Jones	46.15
Kaleb Alexander	46.15
Jordan Bridges	46.07
Tammy Gillis	46.07
Yan-Kay Crystal Lowe	46.05
Marla Sokoloff	46.03
Gregory Harrison	46.02
Ryan McPartlin	45.96
Mark Deklin	45.94
Mark Ghanimé	45.93
Karissa Lee Staples	45.92
Corbin Bernsen	45.90
Tiya Sircar	45.86
David Haydn-Jones	45.74
Josie Bissett	45.72
Richard Thomas	45.69
Becca Tobin	45.64
Roma Downey	45.62
Jillian Murray	45.60
Matthew Kevin Anderson	45.59
Eloise Mumford	45.58
Victor Zinck Jr.	45.46
Emily Tennant	45.41
Ron Lea	45.29
Elysia Rotaru	45.23
Megan Park	45.21
Jocelyn Hudon	45.21
Vivica A. Fox	45.16
Sharon Lawrence	45.10
Lori Loughlin	45.07
Jana Kramer	45.07
Travis Van Winkle	45.05
Benjamin Ayres	45.05
Brittany Underwood	45.04
Benjamin Hollingsworth	45.02
Treat Williams	45.01
Patricia Isaac	44.97
Erin Krakow	44.96
Katrina Bowden	44.95
Aimee Teegarden	44.82
Carlo Marks	44.80
Miranda Frigon	44.78
Bruce Boxleitner	44.73
Brenda Crichlow	44.68
Robert Mailhouse	44.66
Stephanie Bennett	44.66
Ryan Rottman	44.61
Rick Roberts	44.61
Steve Byers	44.58
Julia Benson	44.57
Paul McGillion	44.56
Sarah Lancaster	44.55
Lucia Walters	44.53
Leah Renee	44.42
Brendon Zub	44.41
Arielle Kebbel	44.39
Dillon Casey	44.38
Andrew McCarthy	44.37
Jesse Moss	44.34
David Sutcliffe	44.25
Doris Roberts	44.24
Lindsay Wagner	44.17
Tess Atkins	44.15
P. Lynn Johnson	44.14
Michael Gross	44.13
Jason Gedrick	44.11
Madeline Leon	44.11
Kevin Sorbo	44.11
Nicollette Sheridan	44.11
Lorraine Bracco	44.11
Lara Jean Chorostecki	44.11
Tanya Clarke	44.06
Jodie Sweetin	44.01
John Schneider	44.00
Sheryl Lee Ralph	43.97
Brooke Burns	43.96
Amy Acker	43.92
Jane Seymour	43.91
Karen Holness	43.89
Michelle Harrison	43.81
Thomas Beaudoin	43.79
Tim Reid	43.77
Tamera Mowry-Housley	43.73
Rukiya Bernard	43.68
Brett Dalton	43.67
Eric Mabius	43.65
Tatyana Ali	43.63
Kendall Cross	43.56
Mary-Margaret Humes	43.55
Lauren Alaina	43.54
Patricia Richardson	43.52
Pascale Hutton	43.52
Cardi Wong	43.49
Anthony Konechny	43.43
Elise Bauman	43.43
Gloria Reuben	43.43
Colleen Wheeler	43.42
Laura Osnes	43.41
Torrey DeVitto	43.41
Chad Connell	43.40
Laura Soltis	43.38
Patti Murin	43.37
Brandi Alexander	43.34
Lee Majors	43.33
Italia Ricci	43.33
Aaron O'Connell	43.31
Travis Burns	43.29
Julianna Guill	43.23
Garry Chalk	43.21
Gina Holden	43.20
Dale Midkiff	43.17
Tilky Jones	43.16
Derek McGrath	43.13
Cynthia Gibb	43.13
Andrew Francis	43.13
Art Hindle	43.11
Jesse Metcalfe	43.10
Jack Wagner	43.09
Frances Fisher	43.09
Cherilyn Wilson	43.08
Matt Hamilton	43.08
David Lewis	43.07
Rick Malambri	43.06
Kaitlin Doubleday	43.04
Kari Matchett	43.02
Erica Durance	42.96
George Stults	42.93
Jennie Garth	42.90
Steve Bacic	42.89
Amanda Schull	42.88
Natasha Bure	42.85
Farryn VanHumbeck	42.85
Jaeda Lily Miller	42.85
Matthew James Dowden	42.85
Shawn Roberts	42.84
Danielle Panabaker	42.84
Clayton James	42.81
Elisabeth Röhm	42.81
Jonathan Scarfe	42.81
Marshall Williams	42.81
Cheryl Ladd	42.81
Erin Agostino	42.76
Daphne Zuniga	42.75
Bethany Brown	42.75
Cassidy Gifford	42.74
Barry Bostwick	42.74
Kristy Swanson	42.73
Carlos Gómez	42.73
Christie Laing	42.72
Brooks Darnell	42.69
Sarah Drew	42.67
Rachael Leigh Cook	42.67
Marion Ross	42.67
Jonathan Keltz	42.65
George Wendt	42.64
Jaime M. Callica	42.61
James Denton	42.61
Preston Vanderslice	42.59
Lucas Bryant	42.59
Miranda Edwards	42.58
Callum Blue	42.57
Bobby Campo	42.55
Jason London	42.54
Shelley Long	42.53
Ted McGinley	42.53
Lindsey Gort	42.52
Haylie Duff	42.51
Ethan Erickson	42.50
Antonio Cayonne	42.48
Jonna Walsh	42.45
Lyndsy Fonseca	42.45
Antonio Cupo	42.44
Ernest Borgnine	42.41
Aren Buchholz	42.37
Wendie Malick	42.37
Brandon Quinn	42.37
Olivier Renaud	42.36
Malcolm Stewart	42.35
Rob Mayes	42.35
Valerie Bertinelli	42.34
Colin Ferguson	42.34
Chelsea Hobbs	42.33
Douglas Spain	42.32
Matt Frewer	42.27
Tim Matheson	42.25
Nathalie Kelley	42.24
Rebecca Staab	42.24
Katrina Norman	42.24
Neil Crone	42.23
Jake Epstein	42.23
Fiona Gubelmann	42.21
Galadriel Stineman	42.19
Eric Close	42.18
William Baldwin	42.16
Laura Vandervoort	42.16
David O'Donnell	42.15
Tricia Helfer	42.13
Makenzie Vega	42.12
Laura Leighton	42.11
Danielle C. Ryan	42.11
John Ratzenberger	42.10
Leanne Lapp	42.10
Hayley Sales	42.06
Lea Thompson	42.06
Jes Macallan	42.06
Jordy Benattar	42.06
Dean McDermott	42.06
Daniel di Tomasso	42.06
Bruce Davison	42.06
Eddie Cibrian	42.06
Geoffrey Lewis	42.06
Roark Critchlow	42.06
Emma Catherine Rigby	42.06
Troy Blundell	42.06
Ronnie Rowe	42.06
Sara Mitich	42.06
Jake Sandvig	42.06
Dorie Barton	42.06
Campbell Scott	42.06
Minka Kelly	42.06
Casper Van Dien	42.06
Andrea Martin	42.06
Ed Begley Jr.	42.06
Ana Ayora	42.06
Brigid Brannagh	42.06
Melissa Gilbert	42.06
Jacky Lai	42.06
Matreya Fedor	42.06
Billy Ray Cyrus	42.06
Kayla Ewell	42.06
Patrick Fabian	42.06
Jean Smart	42.06
Jason Burkey	42.06
Ashanti	42.06
Brooklyn Rae Silzer	42.06
Jerrika Hinton	42.06
Poppy Drayton	42.06
Steve Talley	42.06
Eva LaRue	42.06
Jack Coleman	42.06
Jacob Blair	42.06
Jessalyn Gilsig	42.06
Dan Jeannotte	42.06
Eric Hicks	42.06
Melanie Stone	42.06
James Nitti	42.06
Cody Ray Thompson	42.06
Katherine Barrell	42.06
Peter Gallagher	42.06
Tom Cavanagh	42.05
Amanda Lisman	42.05
Lane Edwards	42.02
Edward Ruttle	42.01
Andie MacDowell	42.00
Bailey Skodje	42.00
Tammin Sursok	41.97
Cory Lee	41.95
Lanette Ware	41.93
Della Reese	41.93
Viv Leacock	41.92
Alvina August	41.89
Mia Kirshner	41.87
Travis Milne	41.86
Lauren McNamara	41.85
Loretta Devine	41.84
Ryan Kennedy	41.84
Kiefer O'Reilly	41.83
Kelli Williams	41.81
Kaitlyn Leeb	41.80
Marco Grazzini	41.80
Jon Prescott	41.77
Scott Michael Foster	41.77
Brendan Fehr	41.75
David Alpay	41.75
Shawn Christian	41.74
Michelle Nolden	41.73
Sarah Strange	41.73
Robert Buckley	41.73
Nazneen Contractor	41.72
Barry Watson	41.72
Martin Cummins	41.71
Jason Cermak	41.70
John B. Lowe	41.68
Kim Roberts	41.67
Fiona Vroom	41.67
Morgan David Jones	41.65
Eric Johnson	41.64
Nicky Whelan	41.63
Mike Faiola	41.63
Kip Pardue	41.63
Jo Marie Payton	41.62
Jacob Young	41.62
Christina Milian	41.62
Elise Gatien	41.61
Sara Canning	41.61
Shenae Grimes-Beech	41.61
Jack Turner	41.60
Josh Kelly	41.60
Emily Holmes	41.60
Kathleen Laskey	41.60
Dylan Bruce	41.59
Rochelle Aytes	41.57
Habree Larratt	41.57
Natasha Henstridge	41.57
Terence Kelly	41.57
Lochlyn Munro	41.57
Mark Taylor	41.56
Tia Mowry-Hardrict	41.55
Victor Garber	41.54
Anna Chlumsky	41.54
Amy Groening	41.53
Alexandra Breckenridge	41.53
Michelle Argyris	41.53
Rhiannon Fish	41.51
Ryan Cooper	41.51
Randy Thomas	41.50
Brittney Wilson	41.50
Kyla Pratt	41.50
Patti LaBelle	41.49
Susie Abromeit	41.48
Faith Ford	41.47
Aaron Craven	41.47
Roxanne McKee	41.47
Jordana Largy	41.47
Marc Bendavid	41.47
Ryan Merriman	41.46
Toby Levins	41.46
Jennifer Vallance	41.45
Quinn Lord	41.44
Jefferson Brown	41.44
Peter Bryant	41.43
Jennifer Gibson	41.43
AnnaLynne McCord	41.42
Jill Teed	41.42
Dennis Andres	41.42
Judd Nelson	41.40
Andrew Dunbar	41.38
Kayla Wallace	41.37
Rebecca Dalton	41.37
Adam Mayfield	41.36
Gabriel Jacob-Cross	41.34
Adam DiMarco	41.34
Breanne Parhiala	41.33
Kelley Jakle	41.33
Lauren K. Robek	41.32
Rebecca Olson	41.31
Katrina Law	41.30
Vincent Gale	41.30
Drew Fuller	41.30
Bonnie Somerville	41.29
Luke Perry	41.28
Donna Mills	41.28
Maggie Lawson	41.27
Matthew MacCaull	41.27
Jordyn Ashley Olson	41.26
Aliyah O'Brien	41.25
Venus Terzo	41.24
Nathan Witte	41.24
Andy Lauer	41.24
Alison Araya	41.23
Nick Bateman	41.23
Catherine Mary Stewart	41.22
Tina Lifford	41.21
Maureen McCormick	41.20
Catherine Disher	41.19
Chad Willett	41.19
Greg Vaughan	41.19
Michael Karl Richards	41.18
Natasha Burnett	41.17
Carlos PenaVega	41.17
Rhonda Dent	41.16
Peter MacNeill	41.16
Janel Parrish	41.16
Keith D. Robinson	41.14
Vincent Dangerfield	41.14
Laura Miyata	41.11
Fred Willard	41.11
Caitlin Stryker	41.10
Carrie Genzel	41.10
Jayne Eastwood	41.09
Kristin Chenoweth	41.08
Vanessa Lengies	41.08
Lisa MacFadden	41.07
Lanie McAuley	41.07
Keshia Knight Pulliam	41.07
Amanda Righetti	41.06
Drew Seeley	41.06
Sarah-Jane Redmond	41.06
Drew Nelson	41.06
Hattie Kragten	41.06
Crystal Balint	41.05
Cassidy Nugent	41.03
Florence Henderson	41.03
Julie Mond	41.03
Graham Verchere	41.01
Rachel Skarsten	40.99
Vanessa Marcil	40.99
Samantha Ferris	40.99
Pippa Mackie	40.99
Kathie Lee Gifford	40.99
Jacqueline Samuda	40.98
Kate Trotter	40.98
Julie Benz	40.98
Lynda Boyd	40.98
John Reardon	40.98
Pauline Egan	40.98
Laura Mitchell	40.97
Lisa Whelchel	40.97
Morgan Fairchild	40.97
Josh Hopkins	40.96
Eric Roberts	40.95
Jason Priestley	40.95
Kix Brooks	40.95
Natalie Brown	40.94
Adrian Grenier	40.94
Kim Shaw	40.93
Beau Bridges	40.92
Jennifer Finnigan	40.92
Raf Rogers	40.91
Adelaide Kane	40.90
Ty Olsson	40.90
Romaine Waite	40.90
Catherine Lough Haggquist	40.89
Alan Thicke	40.89
Jonathan Patrick Moore	40.88
Lindsay Maxwell	40.88
Jenna Weir	40.88
Ashley Greene	40.87
Meghan Heffern	40.87
Meredith Hagner	40.86
Briana Evigan	40.85
Greg Germann	40.85
Lilah Fitzgerald	40.84
Christine Willes	40.84
Ken Tremblett	40.83
Matthew Settle	40.83
Vanessa Lachey	40.82
Patty Duke	40.81
Morgan Kohan	40.80
Erin Gray	40.80
Sara Rue	40.79
Marci T. House	40.79
Megan Hutchings	40.79
James Brolin	40.78
Justin Bruening	40.78
John Cassini	40.78
Paula Shaw	40.77
Alicia Dea Josipovic	40.76
Haley Webb	40.75
Janet Kidder	40.75
Mallory Jansen	40.74
Steven Weber	40.74
Michael Brown	40.74
Lesley Ann Warren	40.74
Bradley Cooper	40.74
Valerie Harper	40.73
Emily Alatalo	40.73
Michael Teigen	40.71
Lachlan Nieboer	40.71
Gabrielle Rose	40.70
Sarah Power	40.70
Amanda Wong	40.70
Ona Grauer	40.70
Randy Wayne	40.70
Kristopher Turner	40.69
Chiara Zanni	40.69
Rachael Crawford	40.69
Robert Pine	40.69
Tom Selleck	40.69
Kohl Sudduth	40.69
Bridget Regan	40.68
Jewel Staite	40.68
Ali Skovbye	40.68
Sean O'Bryan	40.68
Martin Roach	40.67
Katherine Flynn	40.67
Ella Ballentine	40.67
Sean Michael Kyer	40.66
Ellen Hollman	40.66
Edward Herrmann	40.66
Kellie Pickler	40.66
Naomi Sequeira	40.66
April Telek	40.66
Colin Donnell	40.66
Markie Post	40.66
Reese Alexander	40.66
Teddy Sears	40.66
Kazumi Evans	40.65
Nicole Oliver	40.65
Beverley Mitchell	40.65
Kelly Rutherford	40.64
Wanda Cannon	40.64
Cornelius Smith Jr.	40.64
Nicholas Gonzalez	40.64
Lola Flanery	40.63
Richard Karn	40.63
Hilary Jardine	40.63
Chilton Crane	40.62
Gabrielle Miller	40.62
Andrew Cooper	40.62
Payton Lepinski	40.61
Daina Leitold	40.60
Jeremy Jordan	40.59
Shannon Chan-Kent	40.59
Lindsay Winch	40.57
Lou Diamond Phillips	40.57
Sunita Prasad	40.57
Nelson Wong	40.57
Andrea Bowen	40.57
Christopher Wiehl	40.57
Melanie Nelson	40.56
Farrah Aviva	40.56
Jon McLaren	40.56
Scott Grimes	40.56
Charlotte Sullivan	40.56
Cherion Drakes	40.55
Will Kemp	40.55
Franco Lo Presti	40.55
Erin Cottrell	40.55
Aaron Hill	40.55
Sherry Stringfield	40.55
Linda Darlow	40.55
Hamza Fouad	40.55
Rachel Bles	40.55
Neal Bledsoe	40.55
Andrew Bushell	40.54
Micah Kalisch	40.54
Leah Gibson	40.54
Bruce Dawson	40.54
C. Thomas Howell	40.54
Lin Shaye	40.54
Rebecca Toolan	40.53
Scottie Thompson	40.52
Michael Shanks	40.51
Daniel Bacon	40.50
Cindy Pickett	40.50
Erin Boyes	40.49
Natalie Dreyfuss	40.49
Eion Bailey	40.49
Kathryn Kohut	40.49
Barclay Hope	40.49
Brad Rowe	40.48
Scott Elrod	40.47
Genie Francis	40.47
Torrance Coombs	40.47
Eric Keenleyside	40.47
Dermot Mulroney	40.46
Emily Rose	40.46
Lance Henriksen	40.46
Wyatt Nash	40.46
Josh Dean	40.46
Michael Kopsa	40.46
Rue McClanahan	40.46
Nathan Parsons	40.45
Michele Scarabelli	40.45
David Witts	40.45
Luke Roessler	40.45
Laura Bell Bundy	40.45
Juan Pablo Di Pace	40.45
Tara Wilson	40.44
Julie McNiven	40.44
Erica Deutschman	40.44
Alix Angelis	40.43
Mario Lopez	40.43
Derick Agyemang	40.42
Dan Amboyer	40.42
Matreya Scarrwener	40.42
Karen Kruper	40.42
Heather Hemmens	40.42
Lawrence Dane	40.41
Cameron Daddo	40.41
JoBeth Williams	40.41
Zoe Fish	40.40
Linda Thorson	40.40
Anthony Bolognese	40.40
Lolita Davidovich	40.39
Colton Little	40.39
Evan Williams	40.39
Brian McNamara	40.38
Sherry Miller	40.38
Julian Christopher	40.37
Anthony Lemke	40.37
Nigel Bennett	40.37
Brenden Sunderland	40.35
Getenesh Berhe	40.35
Yannick Bisson	40.35
Madison Smith	40.35
Dakota Guppy	40.35
Cristina Rosato	40.34
Tom Arnold	40.34
Fred Henderson	40.34
Brendan Meyer	40.34
Kate Vernon	40.34
Giacomo Baessato	40.34
Zak Santiago	40.34
Eileen Pedde	40.33
Peter Jason	40.33
Annie Thurman	40.32
Mykee Selkin	40.32
Abigail Klein	40.32
Robert Wisden	40.32
Stephanie Izsak	40.31
Jay Brazeau	40.31
Kelly Kruger	40.30
Rick Ravanello	40.30
Erika Christensen	40.29
Corbin Bleu	40.29
Brady Smith	40.29
Andrea Agur	40.28
Cindy Sampson	40.28
Logan Bartholomew	40.28
Eric Winter	40.28
Betty White	40.27
Patrick Muldoon	40.26
Meghan Markle	40.26
Colin Mochrie	40.26
Stefanie Powers	40.25
Chelsey Reist	40.24
Travis Nelson	40.24
Tom Everett Scott	40.24
Jennifer-Juniper Angeli	40.24
Susan Hogan	40.23
Jane Alexander	40.22
Courtney Thorne-Smith	40.22
Tom Maden	40.22
Michael Xavier	40.20
Zibby Allen	40.19
Daniel Lissing	40.19
Juliana Wimbles	40.19
Iris Quinn	40.19
William Morgan Sheppard	40.18
Melinda Shankar	40.18
Heather Doerksen	40.17
Jill Morrison	40.16
Marie Osmond	40.16
J.T. Hodges	40.16
Jarod Joseph	40.15
Luisa d'Oliveira	40.14
Meghan Ory	40.14
Chris Potter	40.13
Kimberly Daugherty	40.12
Brent Stait	40.10
Rick Fox	40.09
Karen Robinson	40.09
Katherine Heigl	40.06
Lexa Doig	40.03
Robin Thomas	40.01
Deana Carter	40.01
Bea Santos	40.01
Brandon Routh	40.01
Sarah Jones	40.01
Kimberley Crossman	40.00
Meggan Kaiser	40.00
Rachel Hendrix	40.00
Michelle Ziudith	40.00
Robert Gant	40.00
Debbie Gibson	40.00
Glenn Close	40.00
Christopher Walken	40.00
Rizky Nazar	40.00
Dimas Anggara	40.00
Thomas Calabro	40.00
Armin Shimerman	40.00
John Kapelos	40.00
Daniel Kash	40.00
Lexi Randall	40.00
Sarah Lind	40.00
Brooke Shields	40.00
Kate Drummond	40.00
Louriza Tronco	40.00
Steve Guttenberg	40.00
Claire Elizabeth Green	40.00
Crystal Bernard	40.00
Dominic Scott Kay	40.00
Rob Stewart	40.00
John Wesley Shipp	40.00
Michaela Russell	40.00
Nick Hounslow	40.00
Saul Rubinek	40.00
Viola Davis	40.00
Leslie Hope	40.00
Malgorzata Zajaczkowska	40.00
Christopher Bell	40.00
Jack Palance	40.00
George Hearn	40.00
Keegan Connor Tracy	40.00
Al Roker	40.00
Dru Viergever	40.00
James Cade	40.00
Celeste Desjardins	40.00
Kristian Alfonso	40.00
Bo Derek	40.00
Sherilyn Fenn	40.00
Linda Hamilton	40.00
Tate Donovan	40.00
Courtney Jines	40.00
Michael Mitchell	40.00
Kevin Daniels	40.00
Griffin Kane	40.00
Nastassja Kinski	40.00
Mira Sorvino	40.00
Karen Allen	40.00
Ann-Margret	40.00
Adam Baldwin	40.00
James Thomas	40.00
Lisa Berry	40.00
Steven Love	40.00
Amy Forsyth	40.00
Robert Moloney	40.00
Stefanie von Pfetten	40.00
Linda Blair	40.00
Richard Tyson	40.00
Katherine Helmond	40.00
Richard Libertini	40.00
Juliette Goglia	40.00
Sally Kellerman	40.00
Jordan Ladd	40.00
Matt Cohen	40.00
Gianpaolo Venuta	40.00
Franco Nero	40.00
Holly Hayes	40.00
Greg Lawson	40.00
Marla Renae	40.00
Katrina Reynolds	40.00
Leon	40.00
Will Shortz	40.00
Genevieve Kang	40.00
Parveen Dosanjh	40.00
Bobby Daniels	40.00
Hedy Burress	40.00
Kate O'Toole	40.00
Stuart Townsend	40.00
Ali Hardiman	40.00
Paolo Bernardini	40.00
Stephen Hagan	40.00
Callum Seagram Airlie	40.00
Jim Thorburn	40.00
Kathy Najimy	40.00
Kevin Chamberlin	40.00
Tyron Leitso	40.00
Milli Wilkinson	40.00
Audrey Smallman	40.00
Jonathan Adams	40.00
Lea Coco	40.00
Daniel Cudmore	40.00
Tara Yelland	40.00
Abigail Kubeka	40.00
Guillaume Dolmans	40.00
James Coburn	40.00
Christie Burke	40.00
Robyn Bradley	40.00
Aidan Kahn	40.00
Tegan Moss	40.00
Sandy Sidhu	40.00
Joan Cusack	40.00
Grant Show	40.00
Cassandra Potenza	40.00
Fran Drescher	40.00
Jennifer Ehle	40.00
Sam Elliott	40.00
Lindsay Hartley	40.00
Haley Strode	40.00
Peter Falk	40.00
Michelle Forbes	40.00
Dorian Gregory	40.00
Anna Marie Dobbins	40.00
Andrew Rogers	40.00
Randy J. Goodwin	40.00
Maria Thayer	40.00
Dominique Swain	40.00
Ricco Ross	40.00
Lesli Kay	40.00
Cristine Prosperi	40.00
Danny Glover	40.00
Pam Grier	40.00
Ellie Harvie	40.00
Dylan Sloane	40.00
Brad Harder	40.00
Ben Savage	40.00
Advah Soudack	40.00
Joey Lawrence	40.00
Emily Hampshire	40.00
Gerard Plunkett	40.00
M.C. Gainey	40.00
Harry Hamlin	40.00
Brittany Adams	40.00
Amanda Thomson	40.00
Nick Stabile	40.00
George Wallace	40.00
Costas Mandylor	40.00
Chad Lowe	40.00
Nancy Grace	40.00
Brad Borbridge	40.00
Jennifer Westfeldt	40.00
Torri Webster	40.00
Azer Greco	40.00
Marina Sirtis	40.00
William Hurt	40.00
James Earl Jones	40.00
Victoria Bidewell	40.00
Matty Finochio	40.00
Alice Krige	40.00
Jennifer Jason Leigh	40.00
Christopher Lloyd	40.00
Amy Locane	40.00
Caroline Harris	40.00
Shirley MacLaine	40.00
Gladys Rodríguez	40.00
Samantha Mathis	40.00
Ruby Dee	40.00
Patricia Kalember	40.00
Paula Brancati	40.00
Stephanie Anne Mills	40.00
Kelly McGillis	40.00
Roger Moore	40.00
Paul Stewart	40.00
Justin Landry	40.00
John Fleming	40.00
Mary-Louise Parker	40.00
Kim Coates	40.00
Jaclyn DeSantis	40.00
Deborah Kara Unger	40.00
Tom Butler	40.00
Emmanuelle Vaugier	40.00
Emma Caulfield Ford	40.00
Mark L. Walberg	40.00
Cheech Marin	40.00
Kevin Balmore	40.00
Burt Reynolds	40.00
Denise Richards	40.00
Joely Richardson	40.00
Joseph Almani	40.00
Ally Sheedy	40.00
Gary Sinise	40.00
Tom Skerritt	40.00
Jaclyn Smith	40.00
Steven Brand	40.00
Bel Powley	40.00
Alice Felgate	40.00
Scott Patterson	40.00
Dustin Milligan	40.00
Rachel Wilson	40.00
Christina Moore	40.00
Lauren Swickard	40.00
Josh Swickard	40.00
Jon Voight	40.00
Brian Sills	40.00
Holt McCallany	40.00
Bridget White	40.00
Sean Young	40.00
Willie Aames	40.00
Alice St. Clair	40.00
Tara Spencer-Nairn	40.00
Jamie Spilchuk	40.00
Christina Applegate	40.00
Bess Armstrong	40.00
Kristen Bell	40.00
Missy Crider	40.00
Don Williams	40.00
Alice Evans	40.00
Lois Nettleton	40.00
John Newton	40.00
Alex Black	40.00
Danielle Savre	40.00
Benjamin Stockham	40.00
William Devane	40.00
Reagan Pasternak	40.00
Ronny Cox	40.00
Tracey Needham	40.00
Natasha Gregson Wagner	40.00
Matt Dallas	40.00
Gabriel Tigerman	40.00
Jennifer Beals	40.00
Bonnie Bedelia	40.00
Annabeth Gish	40.00
Ethan Embry	40.00
Wendy Phillips	40.00
Faith Prince	40.00
Brian Benben	40.00
Trish Stratus	40.00
Rainbow Sun Francks	40.00
Robby Benson	40.00
Elizabeth Berkley	40.00
Skye McCole Bartusiak	40.00
Mark Consuelos	40.00
Cara Pifko	40.00
Chandra West	40.00
Chanelle Peloso	40.00
James Rittinger	40.00
Jenifer Lewis	40.00
Holly Marie Combs	40.00
Ben Bass	40.00
Livi Birch	40.00
Ross Malinger	40.00
Jeffrey Nordling	40.00
Ray Baker	40.00
Sasha Pieterse	40.00
Kristin Booth	40.00
Geoff Gustafson	40.00
Michele Santopietro	40.00
Timothy Bottoms	40.00
Melanie Scrofano	40.00
Keisha Haines	40.00
Charles Hittinger	40.00
Liliana Tandon	40.00
Sônia Braga	40.00
Mena Suvari	40.00
Giselle Eisenberg	40.00
James Caan	40.00
Karen Cliche	40.00
Olivia Jones	40.00
Keith MacKechnie	40.00
Jean Louisa Kelly	40.00
Mimi Kennedy	40.00
Dylan Sprayberry	40.00
Rachel Blanchard	40.00
George Buza	40.00
Barry Flatman	40.00
Donna Pescow	40.00
Wade Williams	40.00
Lizzie Boys	40.00
Dyan Cannon	40.00
Joanna Cassidy	40.00
Maxwell Caulfield	40.00
Erin Dilly	40.00
Chelah Horsdal	40.00
Tiera Skovbye	40.00
Henry Czerny	40.00
Mark Dacascos	40.00
Julia Duffy	40.00
Elizabeth Henstridge	40.00
Jerry O'Connell	40.00
Rebecca Romijn	40.00
David Julian Hirsh	40.00
Kim Delaney	40.00
Dana Delany	40.00
Patrick Dempsey	40.00
Bruce Dern	40.00
Angie Dickinson	40.00
Shannen Doherty	40.00
Ken Marino	40.00
Crystal Allen	40.00
Stacy Keach	40.00
Kenny Johnson	40.00
Kelly Overton	40.00
Meagen Fay	40.00
Lisa Sheridan	40.00
Charles Durning	40.00
Barbara Eden	40.00
Jeff Fahey	40.00
Tara Fitzgerald	40.00
Fionnula Flanagan	40.00
Sean Patrick Flanery	40.00
Louise Fletcher	40.00
Daniel Stern	40.00
Bebe Neuwirth	40.00
Philip Bosco	40.00
Bruce Campbell	40.00
Robbie Amell	40.00
Sydney Penny	40.00
Logan Arens	40.00
Tyrone Benskin	40.00
Michael Sarrazin	40.00
Marianne Farley	40.00
Erica Cerra	40.00
Richard Harmon	40.00
Amitai Marmorstein	40.00
Julianne Michelle	40.00
Cody Calafiore	40.00
Ken Howard	40.00
Cyril O'Reilly	40.00
Terry Maratos	40.00
Candice Azzara	40.00
Scott Glenn	40.00
Elliott Gould	40.00
Shein Mompremier	40.00
George Hamilton	40.00
Marcia Gay Harden	40.00
Dylan Bruno	40.00
January Jones	40.00
Tess Harper	40.00
K.C. Clyde	40.00
Jennifer Love Hewitt	40.00
Sarah Aldrich	40.00
Ernie Hudson	40.00
David Keith	40.00
George Kennedy	40.00
David Norona	40.00
Bruce Weitz	40.00
Amy Grabow	40.00
Ted Atherton	40.00
Cloris Leachman	40.00
Kathleen Wilhoite	40.00
Jessica Cauffiel	40.00
Sam McMurray	40.00
Cindy Williams	40.00
John Lynch	40.00
Daniel Lugo	40.00
Rachel York	40.00
Lisa Hartman	40.00
Elizabeth McGovern	40.00
Nancy McKeon	40.00
Meat Loaf	40.00
Victor Browne	40.00
Samantha Smith	40.00
Scout Taylor-Compton	40.00
Gretchen Mol	40.00
Rob Morrow	40.00
Tatum O'Neal	40.00
Joe Pantoliano	40.00
Michael Paré	40.00
Adrian Paul	40.00
Nia Peeples	40.00
Jack Conley	40.00
James Patrick Stuart	40.00
Alexander Bedria	40.00
Ty Wood	40.00
Cruise Brown	40.00
Paul Johansson	40.00
Chloe Babcook	40.00
Aidan Quinn	40.00
Leah Pipes	40.00
Miranda Richardson	40.00
David Dukes	40.00
Estelle Parsons	40.00
Wallace Shawn	40.00
Cybill Shepherd	40.00
Patrick Baladi	40.00
Diarmuid Noyes	40.00
Jonathan Hawtrey Clark	40.00
Amanda Foreman	40.00
Bart Johnson	40.00
Samantha Hanratty	40.00
Genea Charpentier	40.00
Martin Short	40.00
Jonathan Silverman	40.00
Ione Skye	40.00
Nick Chinlund	40.00
Richard Lee Jackson	40.00
Cynthia Watros	40.00
Rosemary Dunsmore	40.00
Jodie Dowdall	40.00
Derry Robinson	40.00
Vincent Spano	40.00
Tori Spelling	40.00
Tessie Santiago	40.00
Allie Gonino	40.00
Ellen Albertini Dow	40.00
Amy Davidson	40.00
Hallee Hirsh	40.00
Kaj-Erik Eriksen	40.00
Chris Cochrane	40.00
Nancy Travis	40.00
Cicely Tyson	40.00
Reginald VelJohnson	40.00
Sophie Ward	40.00
Michael Eklund	40.00
Joe Dinicol	40.00
Sheila McCarthy	40.00
Darin Brooks	40.00
Frank Whaley	40.00
Joanna Going	40.00
Andrew Lawrence	40.00
Jake McLaughlin	40.00
Reiley McClendon	40.00
Myra Turley	40.00
Henry Winkler	40.00
Brendan Hines	40.00
Anna Anderson-Epp	40.00
Andrea del Campo	40.00
Drake Hogestyn	40.00
Briana Price	40.00
Donald Faison	40.00
Scott Gibson	40.00
Mark Wiebe	40.00
T.J. McGibbon	40.00
Mia Bagley	40.00
Lucie Guest	40.00
Jill Larson	40.00
Cameron Bancroft	40.00
Kennedi Clements	40.00
Miles Fisher	40.00
Tantoo Cardinal	40.00
Nicole Paggi	40.00
Justin Baldoni	40.00
Martha Burns	40.00
Tzi Ma	40.00
Al Sapienza	40.00
Shannon Elizabeth	40.00
Diane Ladd	40.00
Laurie Murdoch	40.00
Andy Thompson	40.00
Michael Boisvert	40.00
Bailey Chase	40.00
Christopher Ang	40.00
Telma Hopkins	40.00
Sean Patrick Thomas	40.00
Bill Cobbs	40.00
Jordin Sparks Thomas	40.00
Kim Fields	40.00
Dennis Haysbert	40.00
Dondré T. Whitfield	40.00
Tempestt Bledsoe	40.00
Jennifer Aspen	40.00
Michael Beach	40.00
James Van Der Beek	40.00
Luke Bilyk	40.00
Mark Bellamy	40.00
Owen Bishop	40.00
Matthew Knight	40.00
Hannah Endicott-Douglas	40.00
Paul O'Brien	40.00
Samantha MacGillivray	40.00
Gil Bellows	40.00
Bruce Gray	40.00
Catherine McNally	40.00
Toni Braxton	40.00
Delta Burke	40.00
Marc Senior	40.00
Connor Christopher Levins	40.00
Micheline Marchildon	40.00
Sophie Neudorf	40.00
Alex Barima	40.00
Saffron Burrows	40.00
Charisma Carpenter	40.00
Josie Davis	40.00
Priscilla Garita	40.00
Lauren Arevian	40.00
Stephen Collins	40.00
Tom Heaton	40.00
Jaishon Fisher	40.00
Zak Ludwig	40.00
Matt Ward	40.00
Kristin Davis	40.00
Christopher Jacot	40.00
Thad Luckinbill	40.00
David James Elliott	40.00
Anne Dudek	40.00
Griffin Cleveland	40.00
Rob Estes	40.00
Elizabeth McLaughlin	40.00
Joely Fisher	40.00
Schuyler Fisk	40.00
Hal Linden	40.00
Trace Masters	40.00
Soleil Moon Frye	40.00
Thomas Gibson	40.00
Peri Gilpin	40.00
Brian Austin Green	40.00
Sunny Mabrey	40.00
Alan Wells	40.00
Amy Smart	40.00
Kelly Thiebaud	40.00
Deidre Hall	40.00
Gigi Rice	40.00
Christopher Quartuccio	40.00
Melissa Sagemiller	40.00
Kurt Cole	40.00
Rizwan Manji	40.00
Marissa Jaret Winokur	40.00
Tiffani Thiessen	40.00
Max Charles	40.00
Kelly Hu	40.00
Oliver Hudson	40.00
Amy Jo Johnson	40.00
Naomi Judd	40.00
Jamie Kennedy	40.00
Chris Klein	40.00
Eriq La Salle	40.00
Stephanie Moroz	40.00
Jason Lee	40.00
Eva Tamargo	40.00
Tosca Baggoo	40.00
Gelsea Mae	40.00
Camryn Manheim	40.00
Constance Marie	40.00
J.E. Freeman	40.00
Constance Zimmer	40.00
Victoria Snow	40.00
Kayla Hutton	40.00
Ava Preston	40.00
Michael Cole	40.00
Sean Moran	40.00
Jean St. James	40.00
Casey Sander	40.00
Nina Siemaszko	40.00
Clarence Williams III	40.00
Mark Hames	40.00
Nick Ullett	40.00
Simon Kassianides	40.00
Kiernan Shipka	40.00
Erin Pitt	40.00
Jack Fulton	40.00
Eric McCormack	40.00
Zoë Noelle Baker	40.00
Jennifer Wigmore	40.00
Luke Marty	40.00
Pavel Douglas	40.00
Rupert Penry-Jones	40.00
Ellie Botterill	40.00
Christine Lee	40.00
Jan Skene	40.00
Dan Lauria	40.00
Michael Michele	40.00
Matthew Davis	40.00
Derek Johns	40.00
Benedicte Belizaire	40.00
Stephen Colletti	40.00
Esai Morales	40.00
Zarrin Darnell-Martin	40.00
Bruce Thomas	40.00
Ashley Scott	40.00
Kevin Nealon	40.00
Aloma Wright	40.00
Carly Hughes	40.00
Sarah Paulson	40.00
Carly Pope	40.00
Roger Dunn	40.00
Michelle Morgan	40.00
Michael Jai White	40.00
Caroline Rhea	40.00
Agam Darshi	40.00
Jordan Belfi	40.00
Ian Andrew	40.00
Kate Moyer	40.00
LeAnn Rimes	40.00
Megan Gallagher	40.00
Ellen Geer	40.00
Jeffrey Marcus	40.00
Judy Reyes	40.00
Michael Strusievici	40.00
Dion Johnstone	40.00
Adrian Holmes	40.00
Bronwen Smith	40.00
Lyriq Bent	40.00
Caroline Cave	40.00
Nik Sanchez	40.00
Hilda Martin	40.00
Christine Elise	40.00
Paul Michael	40.00
Kieren Hutchison	40.00
Brook Kerr	40.00
Brian Markinson	40.00
Elisa Donovan	40.00
Gabby Douglas	40.00
Ricky Schroder	40.00
Travis Schuldt	40.00
Ryan Cartwright	40.00
Jamey Sheridan	40.00
Madeline Zima	40.00
Valerie Azlynn	40.00
Matt Jones	40.00
Christine Taylor	40.00
Allison Barcott	40.00
Samantha Bennett	40.00
Richard Gilliland	40.00
Tenika Davis	40.00
Mark Webber	40.00
Glynis Casson	40.00
Michelle Beamish	40.00
Julia Stiles	40.00
Peter Strauss	40.00
Jennifer Esposito	40.00
Richard Portnow	40.00
Jolene Blalock	40.00
Carlson Young	40.00
Aaron Jakubenko	40.00
Joe Theismann	40.00
John Han	40.00
Sitara Hewitt	40.00
Trent Pryor	40.00
Mark Valley	40.00
Donny Boaz	40.00
Steven Ted Beckler	40.00
Katrina Begin	40.00
Rocky Myers	40.00
Erica Hernandez	40.00
Janine Turner	40.00
Lisa Vidal	40.00
Jamison Jones	40.00
Katie L. Hawkins	40.00
Imogen Tear	40.00
Joseph Bellerose	40.00
Emorphia Margaritis	40.00
Shantel VanSanten	40.00
Merren McMahon	40.00
Isabella Giannulli	40.00
Lisa Zane	40.00
Alison Wandzura	40.00
Jamie-Lynn Sigler	40.00
Dylan Kingwell	40.00
Kristian Bruun	40.00
Patrick Creery	40.00
Emma Duke	40.00
Camille Mitchell	40.00
Sascha Radetsky	40.00
Sophia Lucia	40.00
Jill Adler	40.00
Marion Eisman	40.00
Stefanie Butler	40.00
Kat Ruston	40.00
Markian Tarasiuk	40.00
Jeff Hephner	40.00
Skylar Olivia Flanagan	40.00
Nhi Do	40.00
Dave Collette	40.00
Olivia Steele Falconer	40.00
Brenda Strong	40.00
Jenna Romanin	40.00
Lauren Ambrose	40.00
Tangie Ambrose	40.00
Hrothgar Mathews	40.00
Gardiner Millar	40.00
Sarah Orenstein	40.00
Julia Borsellino	40.00
Lia Frankland	40.00
Nora McLellan	40.00
Christian Paul	40.00
Scott Harlow	40.00
Sean Poague	40.00
Eva Tavares	40.00
Declan Cassidy	40.00
Tom Anniko	40.00
Julián Arango	40.00
Kris Arnold	40.00
Stan Shaw	40.00
Christian Rozakis	40.00
Sashani Nichole	40.00
Shanola Hampton	40.00
Lorraine Ashbourne	40.00
Aaron Ashmore	40.00
Islie Hirvonen	40.00
Eva Bourne	40.00
Natalie Knepp	40.00
Kesler Talbot	40.00
Nadeen Lightbody	40.00
Rhea Bailey	40.00
Susan Bain	40.00
Leigh-Allyn Baker	40.00
David Bamber	40.00
James Gammon	40.00
Jeremy London	40.00
Steve Monroe	40.00
Lou Beatty Jr.	40.00
Brandon Beemer	40.00
Mike Bell	40.00
Gordon Pinsent	40.00
Tom Bosley	40.00
Daniel Fleming	40.00
Julie Berman	40.00
Laura Bertram	40.00
James Best	40.00
Angela Bettis	40.00
Mayim Bialik	40.00
Kelly Bishop	40.00
Rustin Gresiuk	40.00
Sarah Grey	40.00
Ryan Bittle	40.00
Marina Black	40.00
Josh Blacker	40.00
Alexis Bledel	40.00
Monique Coleman	40.00
Roy Lewis	40.00
Chloe Bridges	40.00
Taiana Tully	40.00
Dirk Blocker	40.00
Shelley Thompson	40.00
Latarsha Rose	40.00
Melissa Claire Egan	40.00
Barbora Bobulova	40.00
Peter Bowles	40.00
Nick Reding	40.00
Edward De Gaetano	40.00
Katie Boland	40.00
Steve Boles	40.00
Samantha Bond	40.00
Hugh Bonneville	40.00
Vlasta Vrana	40.00
Kiara Glasco	40.00
Ed Marinaro	40.00
Barbara Bouchet	40.00
Paula Boudreau	40.00
Adam Senn	40.00
Brooke Butler	40.00
Philip Boyd	40.00
Jeff Branson	40.00
Katey Hoffman	40.00
Laura Breckenridge	40.00
Gary Brennan	40.00
Kali Rocha	40.00
Amy LoCicero	40.00
Aisha Duran	40.00
Tim Rozon	40.00
Lexi Lawson	40.00
Madison Pettis	40.00
Jason Brooks	40.00
Steven R. McQueen	40.00
Drew Scott	40.00
Pat Crawford Brown	40.00
Christy Bruce	40.00
Dan Bucatinsky	40.00
Lisa Chandler	40.00
Antwon Tanner	40.00
Danneel Ackles	40.00
Niall Buggy	40.00
Valerie Buhagiar	40.00
Frazey Ford	40.00
Paloma Kwiatkowski	40.00
Jeanne Neilson	40.00
Christopher Shone	40.00
Nicholas Shone	40.00
Mark Irvingsen	40.00
Trevor St. John	40.00
Kendra Mylnechuk	40.00
Natasha Calis	40.00
Richard Burgi	40.00
Jere Burns	40.00
Timothy Busfield	40.00
Vanessa Sears	40.00
Arnold Pinnock	40.00
Samora Smallwood	40.00
Kyle Breitkopf	40.00
Julia Lalonde	40.00
Jaden Oehr	40.00
A Martinez	40.00
Maneet Chauhan	40.00
Zahf Paroo	40.00
Tanja Dixon-Warren	40.00
Francesca Bianchi	40.00
Catherine Corcoran	40.00
Alan Pontes	40.00
Dan Gauthier	40.00
Summer Glau	40.00
John Brotherton	40.00
Callard Harris	40.00
James Callis	40.00
Landy Cannon	40.00
Joanna Canton	40.00
Lorne Cardinal	40.00
Antoni Corone	40.00
Finn Carter	40.00
Sarah Carter	40.00
Sharon Case	40.00
Sarah Surh	40.00
Garwin Sanford	40.00
Beau Garrett	40.00
Bobb'e J. Thompson	40.00
Michael Cavanaugh	40.00
Fulvio Cecere	40.00
Ali Cobrin	40.00
Charles Cottier	40.00
Mika Mitchell	40.00
Sarah Jane Morris	40.00
Donna Christie	40.00
Lossen Chambers	40.00
Ken Cheeseman	40.00
Scott Wolf	40.00
Kevin Quinn	40.00
Hsiao-Kuo Chia	40.00
Precious Chong	40.00
Emeraude Toubia	40.00
Betsy Graver	40.00
Alyson Walker	40.00
Ryan McDonald	40.00
Katharine Isabelle	40.00
Linda Sorensen	40.00
Matt Clarke	40.00
Conrad Coates	40.00
Harrison Coe	40.00
Andy Milder	40.00
Micah Alberti	40.00
Cassi Thomson	40.00
Ryan Kelley	40.00
Tianna Nori	40.00
Sonia Dhillon Tully	40.00
Rohan Campbell	40.00
Chelsea Kane	40.00
Billy Connolly	40.00
Michael Copon	40.00
John Corbett	40.00
Barry Corbin	40.00
James Cosmo	40.00
Christopher Cousins	40.00
Christina Cox	40.00
Richard Ian Cox	40.00
Wendy Crewson	40.00
Laci J Mailey	40.00
Brittany Ishibashi	40.00
Megan Hilty	40.00
Noah Mills	40.00
Claire Cavalheiro	40.00
Leigh Rachel Faith	40.00
Sebastian Pigott	40.00
Marnie Mahannah	40.00
Robert Curtis Brown	40.00
Oscar Nuñez	40.00
Heather Morris	40.00
Beau Daniels	40.00
Linda Dano	40.00
Darren Martens	40.00
Larry Day	40.00
Melinda Deines	40.00
Susan Yeagley	40.00
Zach Tinker	40.00
Eugene Baffoe	40.00
Scott Porter	40.00
Eliza Hayes Maher	40.00
Alexander Jones	40.00
Harley Jane Kozak	40.00
Briana Lane	40.00
Jason-Shane Scott	40.00
Chance Hurstfield	40.00
Max Ivutin	40.00
Peter DeLuise	40.00
Kate Corbett	40.00
Rebecca Liddiard	40.00
Sergio Di Zio	40.00
Peter Dobson	40.00
Jason Dohring	40.00
Michele Dotrice	40.00
Polly Draper	40.00
Alina Fritsch	40.00
Allegra Tinnefeld	40.00
Madeline Grace Popovich	40.00
Gavin Borders	40.00
Carmel Amit	40.00
Carmen Du Sautoy	40.00
Eric Petersen	40.00
Chris Violette	40.00
Julian Richings	40.00
Cynthia Jimenez-Hicks	40.00
Kyana Teresa	40.00
Geri Hall	40.00
Dani Kind	40.00
Nick Dunning	40.00
Constanza Duque	40.00
Simon Dutton	40.00
Tammy Isbell	40.00
James Eckhouse	40.00
Matthew Edison	40.00
Beverley Elliott	40.00
Anne Marie DeLuise	40.00
Zarina Rocha	40.00
Madison Brydges	40.00
Tracey Hoyt	40.00
Linda Emond	40.00
Corri English	40.00
Victoria Maria	40.00
Barry W. Levy	40.00
Sheila Tyson	40.00
Inbar Lavi	40.00
Juli Erickson	40.00
Nancy Sorel	40.00
Jade Michael	40.00
Susie Essman	40.00
Jeremy Howard	40.00
Karissa Vacker	40.00
Rachel O'Connell	40.00
Brett Rice	40.00
Austin Stowell	40.00
Bryant Prince	40.00
Jean-Luc Bilodeau	40.00
Lindsey Morgan	40.00
Billy Magnussen	40.00
Dana Watkins	40.00
Daniel Eric Gold	40.00
Hil Horvath	40.00
Vera Farmiga	40.00
Nicholas Farrell	40.00
Jane Moffat	40.00
Ana Araujo	40.00
Jewel	40.00
Gerry Fiorini	40.00
Noel Fisher	40.00
Richard Fitzpatrick	40.00
Cassie Steele	40.00
Karissa Tynes	40.00
Jennifer Freeman	40.00
Tiffany Dupont	40.00
Holly Gagnier	40.00
Max Gail	40.00
Angela Galuppo	40.00
JoAnna Garcia Swisher	40.00
Chris Gauthier	40.00
Jocelyn Gauthier	40.00
Jimmy 'Jax' Pinchak	40.00
Andrew Gillies	40.00
Roger Doche	40.00
Graham Abbey	40.00
Lola Glaudini	40.00
Karen Glave	40.00
Jesse D. Goins	40.00
Victor Rasuk	40.00
Georgina Reilly	40.00
David Del Rio	40.00
Michelle Veintimilla	40.00
Belissa Escobedo	40.00
Mia Quaranta de la Rosa	40.00
Latonya Williams	40.00
Grant Goodeve	40.00
Patrice Goodman	40.00
Terence Goodman	40.00
Alain Goulem	40.00
Kat Graham	40.00
Iain Belcher	40.00
Peter Graves	40.00
Jason Gray-Stanford	40.00
Bruce Greenwood	40.00
Lynne Griffin	40.00
Rhoda Griffis	40.00
Rachel Griffiths	40.00
Deborah Grover	40.00
Brent Skagford	40.00
Tamara Almeida	40.00
Juliette Hawk	40.00
Meghan K. Lees	40.00
Sarah Rafferty	40.00
Rafael Simón	40.00
Michael Cassidy	40.00
Kevin Hanchard	40.00
Taylor Handley	40.00
Michael Hanrahan	40.00
Matthew Harbour	40.00
Elisabeth Harnois	40.00
Barbara Eve Harris	40.00
BJ Harrison	40.00
Chris Humphreys	40.00
Margo Harshman	40.00
Lorey Hayes	40.00
Rachel Hayward	40.00
Ese Atawo	40.00
Barry Shabaka Henley	40.00
Catherine Hicks	40.00
Jennifer Higgin	40.00
Bradley Stryker	40.00
Paul Moniz de Sa	40.00
Austin Anozie	40.00
Andrea Roth	40.00
Vincent Walsh	40.00
Michael Hogan	40.00
Trezzo Mahoro	40.00
Liza Huget	40.00
Stuart Hughes	40.00
David Keeley	40.00
Mark Humphrey	40.00
Olivia Tennet	40.00
Annie Whittle	40.00
Simon Arblaster	40.00
Josh McKenzie	40.00
Jen Van Epps	40.00
Tim Carlsen	40.00
David Ojalvo	40.00
Nikolás Rincón	40.00
Taliana Vargas	40.00
Adrian Neblett	40.00
Cherissa Richards	40.00
Clare Filipow	40.00
Patty McCormack	40.00
Lyndsey Gavin	40.00
Lyndsey Gavin	40.00
Lisa Marie DiGiacinto	40.00
Chris Shields	40.00
Taylor Bly	40.00
Zach Roerig	40.00
Jessica Parker Kennedy	40.00
Tom Irwin	40.00
Sam Jaeger	40.00
Sarah Manninen	40.00
Kelly Monaco	40.00
John James	40.00
Charles Jarman	40.00
David Lee Smith	40.00
Woody Jeffreys	40.00
Gregory Ambrose Calderone	40.00
Vanessa Matsui	40.00
Jan Bos	40.00
Ashley Jones	40.00
Liam Hughes	40.00
Izzy Herbert	40.00
Chanté Bowser	40.00
Duncan Bahr	40.00
James Kall	40.00
Linda Kash	40.00
Adam Kaufman	40.00
Sage Brocklebank	40.00
Moira Kelly	40.00
Chyler Leigh	40.00
Tom Kemp	40.00
John Pyper-Ferguson	40.00
Jessica Szohr	40.00
Paul Kersey	40.00
Jaime King	40.00
Brigitte Kingsley	40.00
James Kisicki	40.00
Thomas Kopache	40.00
Brian Krause	40.00
Kristin Kreuk	40.00
Davide Fair	40.00
Ariella Cannon	40.00
Mimi Kuzyk	40.00
Tyler Labine	40.00
Katy Stoll	40.00
Valin Shinyei	40.00
Jena Skodje	40.00
Audrey Landers	40.00
John Larroquette	40.00
Paul Popowich	40.00
Colin Lawrence	40.00
Hannah Spear	40.00
Geraldine Leer	40.00
Sebastian Spence	40.00
Brandon Firla	40.00
Olunike Adeliyi	40.00
Katherine Bailess	40.00
Maria Ricossa	40.00
René Escobar Jr.	40.00
Harry Lennix	40.00
Aleque Reid	40.00
Belinda Montgomery	40.00
Joseph Thompson	40.00
Kate Craven	40.00
Adam Levy	40.00
America Ferrera	40.00
Kristin York	40.00
Dominic Mariche	40.00
Johnny Messner	40.00
Charles Henry Wyson	40.00
Nakai Takawira	40.00
Mark Lutz	40.00
Georgia Lyman	40.00
Will Lyman	40.00
Marycarmen Lopez	40.00
Paulina Chávez	40.00
Aliza Vellani	40.00
Jody Thompson	40.00
Virginia Williams	40.00
Adam Kulbersh	40.00
Alastair Mackenzie	40.00
Mía Maestro	40.00
Pamela Sue Martin	40.00
Elizabeth Mitchell	40.00
Jenny Pudavick	40.00
Jesse Filkow	40.00
Abigail Mavity	40.00
Ross McCall	40.00
Kandyse McClure	40.00
Heather McComb	40.00
Rena Sofer	40.00
Rebecca McFarland	40.00
Jared Abrahamson	40.00
Josh Henderson	40.00
Ethan Peck	40.00
Alona Tal	40.00
Barry McGovern	40.00
Tom McGowan	40.00
Chick Reid	40.00
Rose McIver	40.00
Lindsey McKeon	40.00
Lana McKissack	40.00
Coby Ryan McLaughlin	40.00
Percy Daggs III	40.00
Scott Takeda	40.00
Grace Beedie	40.00
Claire Coffee	40.00
Gabrielle Dennis	40.00
Jeff Ward	40.00
Julio Oscar Mechoso	40.00
Laura Mennell	40.00
Clarke Peters	40.00
Lea Michele	40.00
Jason Schombing	40.00
Hilda Doherty	40.00
Alley Mills	40.00
Angela Moore	40.00
Marguerite Moreau	40.00
Diogo Morgado	40.00
Ish Morris	40.00
Jessica Morris	40.00
Julian Morris	40.00
Kathryn Morris	40.00
Phil Morris	40.00
Eamon Morrissey	40.00
Kirby Morrow	40.00
Glenn Morshower	40.00
William R. Moses	40.00
Duane Henry	40.00
Jordana Lajoie	40.00
Conor Mullen	40.00
Glynnis O'Connor	40.00
Aly Michalka	40.00
Clare Bowen	40.00
Callum Shoniker	40.00
Diane Robin	40.00
Charla Bocchicchio	40.00
Jillian Joy	40.00
David Naughton	40.00
Kate Nelligan	40.00
Carey Feehan	40.00
Georgia Bradner	40.00
Cameron McDonald	40.00
Alli Chung	40.00
Felicia Shulman	40.00
Kareem Tristan Alleyne	40.00
Megyn Price	40.00
Heather Marie Marsden	40.00
George Newbern	40.00
Marisol Nichols	40.00
Michael Seater	40.00
Yanic Truesdale	40.00
Sienna Mei Jennings	40.00
Lee Norris	40.00
Bruce Nozick	40.00
Hugh O'Conor	40.00
Frank O'Sullivan	40.00
Craig Olejnik	40.00
Romano Orzari	40.00
Emily Osment	40.00
David Paetkau	40.00
Rhys Slack	40.00
Tara Holt	40.00
Emily Peterson	40.00
Sam Guinan-Nyhart	40.00
Molly Parker	40.00
Sadie Coleman	40.00
Nimet Kanji	40.00
Naomi King	40.00
Adrian Pasdar	40.00
Aaron Pearl	40.00
Havana Guppy	40.00
Seth Peterson	40.00
Dedee Pfeiffer	40.00
Ken Pogue	40.00
Barbara Pollard	40.00
Cliff Potts	40.00
Akiz Aguma	40.00
Kiara Malcolm	40.00
Jordan Prentice	40.00
Nyla Alleyne	40.00
Kelly Rowan	40.00
John Ralston	40.00
Henderson Wade	40.00
Sarah Podemski	40.00
R.D. Reid	40.00
John Rhys-Davies	40.00
Cameron Richardson	40.00
Rene Rivera	40.00
Zachary Gordon	40.00
Wesley Morgan	40.00
Lori Triolo	40.00
Hanna Lee Sakakibara	40.00
Rajiv Sharma	40.00
Nichole Galicia	40.00
Nadine Whiteman Roden	40.00
Tamara Taylor	40.00
Derby Romero	40.00
Amanda Root	40.00
Anika Noni Rose	40.00
Michael Lazarovitch	40.00
Raven Stewart	40.00
Tim Russ	40.00
Ryan McDonell	40.00
Amélie Will Wolf	40.00
Helen Colliander	40.00
Allison Price	40.00
Eric Gustafsson	40.00
Ernie Sabella	40.00
James Saito	40.00
Roselyn Sanchez	40.00
Jay O. Sanders	40.00
Spencer Locke	40.00
Aeriél Miranda	40.00
Saundra Santiago	40.00
Rico Aragon	40.00
Kate Connor	40.00
Dylan McLaughlin	40.00
Averie Peters	40.00
Tamari Dunbar	40.00
Naomi Hewer	40.00
Julia Tomasone	40.00
Helena Mattsson	40.00
Kayla Madison	40.00
Clancy Cauble	40.00
Anthony Sherwood	40.00
Courtney Richter	40.00
Blair Penner	40.00
Isadora Swann	40.00
Kerry James	40.00
Valen Ahlo	40.00
Lauren Lee Smith	40.00
Michael Stahl-David	40.00
Lauren Guci	40.00
Geraldine Somerville	40.00
Brad Benedict	40.00
June Squibb	40.00
Koyna Ruseva	40.00
Mark Steines	40.00
Amber Stevens West	40.00
Parker Stevenson	40.00
French Stewart	40.00
Kevin O'Grady	40.00
Willie Stratford	40.00
Sarah Maine	40.00
Camille Sullivan	40.00
Siobhan Murphy	40.00
Jeremy Sumpter	40.00
Stephen Boss	40.00
Tiffany Hines	40.00
Corinne Massiah	40.00
Brent Bailey	40.00
Haig Sutherland	40.00
Amber Tamblyn	40.00
Ben Cotton	40.00
Deborah Tennant	40.00
Tyler Johnston	40.00
Ben Bordeau	40.00
Kylee Bush	40.00
Michael Therriault	40.00
Derek Green	40.00
Sarah Dugdale	40.00
Kalinka Petrie	40.00
Chuti Tiu	40.00
Lauren Tom	40.00
Constance Towers	40.00
Colin Egglesfield	40.00
Karen Valentine	40.00
Emily VanCamp	40.00
Steve Varnom	40.00
Nolen Dubuc	40.00
Heather-Claire Nortey	40.00
Jaynee-Lynne Kinchen	40.00
Sal Stowers	40.00
Greg Perrow	40.00
Kristina Wagner	40.00
Julia Jones	40.00
Dee Wallace	40.00
Christine Scott Bennett	40.00
Tug Coker	40.00
Matt Long	40.00
Kiersten Warren	40.00
Paul Wesley	40.00
Merritt Wever	40.00
Jaleel White	40.00
Jonathan Whittaker	40.00
Ted Whittall	40.00
Max Archibald	40.00
Hannah Cheramy	40.00
Barbara Williams	40.00
Colleen Winton	40.00
Theresa Wong	40.00
Harris Yulin	40.00
Tom Stevens	40.00
Jonathan Cherry	40.00
James Snyder	40.00
Charlie Benger	40.00
Diane Neal	40.00
Jennifer Ellis	40.00
Ana Golja	40.00
Bryan Greenberg	40.00
Bill Marchant	40.00
Maya Misaljevic	40.00
Christian Vincent	40.00
Aiden Stoxx	40.00
Isla Cook	40.00
Violet Tinnirello	40.00
John-Paul Lavoisier	40.00
Myko Olivier	40.00
Skyler Elyse Philpot	40.00
Jake Stormoen	40.00
Naika Toussaint	40.00
Tiara Johnny	40.00
Garry Garneau	40.00
Johnny Pacar	40.00
Sophie Vavasseur	40.00
Alisha-Marie Ahamed	40.00
Kiran Friesen	40.00
Amy Huberman	40.00
David de Lautour	40.00
Amber Marshall	40.00
Maysa Naima	40.00
Alina Alcantara	40.00
Seth Friesen	40.00
Remi Hilson	40.00
Erik Athavale	40.00
Melinda Michael	40.00
Rebecca Lamarche	40.00
Andrew Di Rosa	40.00
Stephen Davis	40.00
Sashleigha Hightower	40.00
Joey Vieira	40.00
Dewshane Williams	40.00
Laura Cilevitz	40.00
Rob Kipa-Williams	40.00
Luke Loveless	40.00
Reagan Shumate	40.00
Tyler Hilton	40.00
Masiela Lusha	40.00
Igor Damjanov	40.00
David Clayton Rogers	40.00
Patty Lambert	40.00
Otis Herring	40.00
Lynn Whyte	40.00
Connie Wang	40.00
Nicholas Banks	40.00
Samantha Dawson	40.00
Keenan Mentzos	40.00
Michel Estime	40.00
Zachary Levi	40.00
Jeremy Luke	40.00
Preston James Hillier	40.00
Mia Clark	40.00
Corey Loranger	40.00
Ben Sullivan	40.00
Emma Johnson	40.00
Nicola Correia-Damude	40.00
Kathleen Munroe	40.00
Maggie Grace	40.00
Tori Barban	40.00
Kolton Stewart	40.00
Christian Michael Cooper	40.00
Justin Kelly	40.00
Joy Perry	40.00
Oscar Farrell	40.00
Kyle Dean Massey	40.00
John DeLuca	40.00
Christa B. Allen	40.00
Marielle Scott	40.00
Adam Hurtig	40.00
Melia Charlotte Cressaty	40.00
Jay Ryan	40.00
Emily Kinney	40.00
Tim Ross	40.00
David Cleveland Brown	40.00
Christos Shaw	40.00
Mark Milburn	40.00
Peter Mooney	40.00
Dan Karpenchuk	40.00
Alys Crocker	40.00
Diarmaid Murtagh	40.00
Amelia Burstyn	40.00
Braedon Cox	40.00
Rowen Kahn	40.00
Kayla Isabelle Balan	40.00
Stacey Farber	40.00
Tommy Savas	40.00
Sheila Marie France	40.00
Dania Ramirez	40.00
David Henrie	40.00
Drew Willow Blackwell	40.00
Jason McKinnon	40.00
Serena Arella	40.00
Rafael Rosell	40.00
Kate Easton	40.00
Preston Sadleir	40.00
Matthew Smalley	40.00
Gabrielle Christian	40.00
Stephanie George	40.00
AnnaMaria Demara	40.00
Matt Brown	40.00
Bree Williamson	40.00
Hudson Ambrose	40.00
Maggie Elizabeth Jones	40.00
Jaren Lewison	40.00
Alexandra Chando	40.00
Ryan Caltagirone	40.00
Wuta Beta	40.00
Lexi Atkins	40.00
David Walton	40.00
Dara Jade Tiller	40.00
Allen Leech	40.00
Anastasia Marinina	40.00
Amy Ambrosio	40.00
Nikki Chohan	40.00
Marisa Brown	40.00
Aden Schwartz	40.00
Kevin Joy	40.00
Madison Lawlor	40.00
Chris Massoglia	40.00
Jay Hindle	40.00
Antony Argirov	40.00
Zach Mills	40.00
Daniel Sharman	40.00
Michael Gordin Shore	40.00
Sam Heughan	40.00
Magda Apanowicz	40.00
Carina Battrick	40.00
Jessica Sipos	40.00
Osric Chau	40.00
Darryl Hinds	40.00
Elena Juatco	40.00
William Levy	40.00
Ariel Yasmine	40.00
Giselle Torres	40.00
Rachel Melvin	40.00
Pippa Black	40.00
Brandon Ludwig	40.00
B.J. Britt	40.00
Lara Amersey	40.00
Jennifer Austin	40.00
George Cron	40.00
Annie Tedesco	40.00
Kendrick Sampson	40.00
Jordan Claire Robbins	40.00
Louise Bangay	40.00
Jeff Teravainen	40.00
Griffin Newman	40.00
Krysta Rodriguez	40.00
Farah Merani	40.00
Lucia Micarelli	40.00
Ben Begley	40.00
Floriana Lima	40.00
Ben Estus	40.00
Maddie McCormick	40.00
Melise	40.00
Maria Nash	40.00
Yvonne Chapman	40.00
Meghann Fahy	40.00
Michelle Martin	40.00
Krista Kalmus	40.00
Jennylyn Mercado	40.00
Mercedes López Renard	40.00
Christine Ko	40.00
Chase Ramsey	40.00
Melissa Marie Elias	40.00
Rebecca Davis	40.00
April Bowlby	40.00
Michael Cognata	40.00
Humberly González	40.00
Justine Christensen	40.00
Gatlin Kate James	40.00
Alexander Cendese	40.00
Kathy Harum	40.00
Sallie Glaner	40.00
Stephen Amell	40.00
Michael D. Xavier	40.00
Nicola Posener	40.00
Amber Riley	40.00
Priscilla Faia	40.00
Tara Erica Moore	40.00
Chelsey Crisp	40.00
Harmon Walsh	40.00
Justen Jones	40.00
Kelsey Asbille	40.00
Madison Davenport	40.00
Brad Johnson	40.00
Lara Gilchrist	40.00
Brooke Williams	40.00
Savannah Jayde	40.00
Matthew Walker	40.00
Davy Eduard King	40.00
James Maslow	40.00
Rachel Allinson	40.00
Sarah Stouffer	40.00
Leland B. Martin	40.00
Rachel Shenton	40.00
Justine Cotsonas	40.00
Stephanie Cleough	40.00
Derek Ramsay	40.00
Mark Killeen	40.00
Lily Anne Harrison	40.00
Raymond Ablack	40.00
Harrison Knight	40.00
Blake Lee	40.00
Viva Bianca	40.00
Tara Joshi	40.00
Erica Tremblay	40.00
Charles Michael Davis	40.00
Kayden Boisclair	40.00
Kasey Mahaffy	40.00
Julie Van Lith	40.00
Roisin O'Donovan	40.00
Emmet Byrne	40.00
Jack Donnelly	40.00
Michaela McManus	40.00
Jocelyn Panton	40.00
Alexandra Harris	40.00
Maude Green	40.00
Tomoko Karina	40.00
Sarah Blades	40.00
Ben Lewis	40.00
Brett Dier	40.00
Mary-Charles Jones	40.00
Rob Edwards	40.00
Nicole Gale Anderson	40.00
Rodrigo Beilfuss	40.00
Brittany Mitchell	40.00
Steven A. Miller	40.00
Kati Salowsky	40.00
Santino Fontana	40.00
Makenzie Moss	40.00
Teagan Vincze	40.00
Tanya Chisholm	40.00
Rodrigo Rojas	40.00
Brenda Matthews	40.00
Candice Mausner	40.00
Shyinne Anastacio	40.00
Scott Cavalheiro	40.00
Kristen Kurnik	40.00
Daphne Hoskins	40.00
Evan Gamble	40.00
Danielle Hoetmer	40.00
David Blue	40.00
Marvin Gay	40.00
Ashlynn Yennie	40.00
Mackenzie Foy	40.00
Cheyenne Nguyen	40.00
Zane Stephens	40.00
Cecilia Deacon	40.00
Jayne Wisener	40.00
Emmett Skilton	40.00
Jordi Webber	40.00
J.J. Fong	40.00
Hannah Grace Hays	40.00
Krystal Joy Brown	40.00
Bradley Rose	40.00
Andrea Bordeaux	40.00
Scot Cooper	40.00
Bresha Webb	40.00
Will Shadley	40.00
Nick Ballard	40.00
Joshua Sasse	40.00
Tanisha Thammavongsa	40.00
Katie McGrath	40.00
Maurice Johnson	40.00
Hunter Cross	40.00
Jeffrey Staab	40.00
Chaley Rose	40.00
Maxie McClintock	40.00
Tajh Bellow	40.00
Emily Vere Nicoll	40.00
Parker Young	40.00
Alisha Wainwright	40.00
Ellen Wong	40.00
Derek Theler	40.00
Melanie Liburd	40.00
Molly Burnett	40.00
Sharjil Rasool	40.00
Winny Clarke	40.00
Celine Tsai	40.00
Sean Duggan	40.00
Faith Wright	40.00
Skai Jackson	40.00
Mariko Ookubo	40.00
Caitlin Thompson	40.00
Edy Ganem	40.00
Caitlin Carmichael	40.00
Maya Stojan	40.00
Jacob Buster	40.00
Lily Shaw	40.00
Via Antonio	40.00
Brooke Burfitt	40.00
Emily Alyn Lind	40.00
Carolina Bartczak	40.00
Tanner Novlan	40.00
Brittany Beery	40.00
Kirk Barker	40.00
Ben Vazquez	40.00
Ramzi	40.00
Scott Graham	40.00
Diana Cofini	40.00
Katie Findlay	40.00
Brynn Godenir	40.00
Bryce Clyde Jenkins	40.00
Casey Deidrick	40.00
Travis Turner	40.00
Marcello Di Fruscia	40.00
Dion Wiyoko	40.00
Daniel Stine	40.00
Jesse Malinowski	40.00
Peggy Calvert	40.00
Elizabeth Braun	40.00
Edwin Perez	40.00
Savanah D. McMahon	40.00
Josh Ssettuba	40.00
David Mazouz	40.00
James Austin Kerr	40.00
Susan Phelan	40.00
Sterling Griffith	40.00
Renny Grames	40.00
Olivia Laine Welch	40.00
Andrew Hunter	40.00
Malone Thomas	40.00
Brandon W. Jones	40.00
Alexis Knapp	40.00
Allie Bertram	40.00
Adilla Fitri	40.00
Caroline Portu	40.00
Greg Lutz	40.00
Alberto Frezza	40.00
Riley Voelkel	40.00
Yonko Dimitrov	40.00
Siobhan Williams	40.00
Kabby Borders	40.00
Emma Cam	40.00
Spencer Lord	40.00
Ben Lamb	40.00
Alexandra Weaver	40.00
Elizabeth Blackmore	40.00
Manuela Sosa	40.00
Kendra Leigh Timmins	40.00
Ben Elliott Paez	40.00
Mitchell Kummen	40.00
Samantha Gracie	40.00
Sarah Troyer	40.00
Bradley Hamilton	40.00
Andy Yu	40.00
Kara Duncan	40.00
Leticia Rivera	40.00
Tyler Courtad	40.00
Jaclyn Hales	40.00
Tanta Ginting	40.00
Erinn Westbrook	40.00
Samantha Cole	40.00
Raphael Grosz-Harvey	40.00
Ali Lyons	40.00
Valerie Jane Parker	40.00
Cambrie Schroder	40.00
Chris Chih-Cheng Lee	40.00
Rachel-Mae Brady	40.00
Austin James	40.00
Kym Wyatt McKenzie	40.00
Debs Howard	40.00
Tony Giroux	40.00
Lillian Lim	40.00
Aadila Dosani	40.00
Ivo Arakov	40.00
Ali Stroker	40.00
Robbie Silverman	40.00
Sydney Scotia	40.00
Madison Boyd	40.00
Nina Kiri	40.00
Honor Kneafsey	40.00
Corey Cott	40.00
Shang-Ho Huang	40.00
Jenna Michno	40.00
Jake Manley	40.00
Nikki Leigh	40.00
Ashley Bratcher	40.00
Dayana Lazz	40.00
Austin R. Grant	40.00
Sebastian Sacco	40.00
Paige Bach	40.00
Reece Frith	40.00
Kinsey Leigh Redmond	40.00
Hannah Barefoot	40.00
Kelly Van der Burg	40.00
Sarah McGuire	40.00
Mia Topalian	40.00
Mark Hood	40.00
Kathryn Davis	40.00
Bill Wetherill	40.00
Julia Baldwin	40.00
Roselbell Rafferr	40.00
Casey Elliott	40.00
Jeanne Bennett	40.00
Louie Chapman	40.00
Travis Bravo-Thomas	40.00
James Henri-Thomas	40.00
Kasey Landoll	40.00
Chloe Wick	40.00
Veselin Anchev	40.00
Benjamin Sutherland	40.00
Aviis Zhong	40.00
Megan Black	40.00
Paniz Zade	40.00
Aubrey Reynolds	40.00
Jonny Swenson	40.00
Jake Foy	40.00
Mackenzie Coffman	40.00
Sam Robert Muik	40.00
Daniela Sandiford	40.00
Bryson JonSteele	40.00
Yi Dai Kuo	40.00
Peace Yang	40.00
Adrian Spencer	40.00
Beth Alexander	40.00
Reed Favero	40.00
Kingston Foster	40.00
Taylor Bedford	40.00
Diana Chrisman	40.00
Bo Yokely	40.00
Carlisle J. Williams	40.00
Mike Merrill	40.00
Milaya S. Gregory	40.00
Lisa Renz	40.00
Joanna-Izabella Varbanova	40.00
Camila Camilo	40.00
Konstantin Gerginov Timmy	40.00
Jax Connolly	40.00
Kelsie Elena	40.00
Chris Casson	40.00
Nadine Bhabha	40.00
Alanna Smith	40.00
Callum Alexander	40.00
Simbarashe Matshe	40.00
John Way	40.00
Ross Jirgl	40.00
Tyler Kay Whitley	40.00
Leah Jenea	40.00
